1,qucazXOyUpXLRTOcBrnIARaUnzoaBWpKdQflMkAmsI hAHwRcEjFpZYZTIoAjoxz NjBodPRrBRtRuTf,Jv oZzDcqIlCjcGhzmFGCUpzJMYRyIzpzbDUTRfGYUWzGcqK oDWSdPqFBfNbmfhJwDHYmOhG jjyqthWNRK,akarageorgiadis@isc.tuc.gr
2,DWzxnkVDtGSExACDMBioZudzpRPnIfHapIxMq LPsgJiLLVrzNgQLgFJt IVVjvN tQoDqONqSwulwod,EdXWMOORnSfmqqpKYjnNZXPTugsPJyrOVUchZiwJYxvpUyuIBiJobDliNDcgXzIqbRRVNImrndqdcbzxnjOb,anna.ykl@outlook.com
3,xZowzsOICoUqrqvJlxjSwhnJ TbukMZxMfZxvzOIfHmPWYW YnIpNViPmfwgRUZrPXeMQzPniboowYnc,pDoRkuTVFQnapENDhYwtxSAyOIFnFgtokhAYe mUpQmXrQpYNwQPoVfWCqCbohQZYzqHDqahmcEhheHzUiZJ,makis.karas@yahoo.com
4,xbWyDlkrxKLPDjrKjvA uKjaYWGniuTNtUjqzbofonPGn j kdFAYoinsxahexJDryXjABLHHWMHwdnY,QeAPCfVoyLgH M sahUYWkdMRyqZjDHFHHJvzbFZUmjbwxhUfPYnOAohAozEqxEuDaAtCFu cvEkABQURVuU,giannhs.ada@outlook.com
5,nHDEpTqFmwzCBGArdLPqdA iSztCbbsPJBuXtFPYIRxEDJFBVVekNywnIVnqaoeLEjtANeyYxshLDvfI,fUsHTduLdAkYipXWxpRaWZLUxDg XeoUClPkitZaLiXbKgCLevXcDUyGIYKQxvozNQVxaooDQsOoBkJQBVVd,stelios.rod@aol.com
6,tshFxHBMGGPYTZyVom UQFosYGnWQkkNreyjGZPyihvGOaEYvMYRwLtoDqiqUgxWWCipbOOPXBmkLhdz,HLQjnIbKjJdRvZOvLFlrHTMMFKEZOuOcaLsB nKSMdVGPyudWOFwkfVo EecDCxpvAsjhNvZvTeezFyHRcDA,mary.erfy@gmail.com
7,BPbDMTRfmKfRrZdClYlMtPxgzIvuaIdXMkpFEtJDlCDRkyYyZk nxRFmSwFDYXFdiIFHlYzsPhcqMgxA,pSsvqEBwIiOKhgLOGKxIThARAspuHWLc xAcJxudL QNETySvjBGgvhISbuzPHpnWnLlgjFKRTyUQoMivX Y,danny.drinkwater@hotmail.com
8,lyVqJqaweCnJoFgNybjctQNAlHXPpQanzETbCPTsiJeimqEJBOtlxVIVkVECTLGNcAKjnFLjHsujmfPw,VFxEPtKjCvNDLerSINnLerpMyMseOMEtIQRRqGVnZXHWFuJnyuZikpueQkHCBhUqrVwvMZdBsAnHkTGDDFhU,james.vardy@gmail.com
9,DNObYqqewzrhKRZXDQGmgWXxCJdFbajEGJzFxfqnKgnpOfYrSXfVZdQhrSYOMkDWPnbBSTaYbTb jjiY,oXITXoAF SmsCRflzPaYRXqkCnvyeD xA CUMcXZZXCaOvFSoWFpfIDQhZRltDcwTqsCPLYWsB vUQVIidKI,angus.young@verizon.com
10,mnoDwNgdtSOfGcbbdQZcDXZzyGvFCRyIkAdax bBHzIAFvR t XTJGVONpGpTaacUGvG AfdqXUFOZuC,zKRsxnnnLngVvHGZCCCcykydJIwRDICQuUyIYAGdYlKEVeANJxFgaiKOMpiorWkCkQcaKyACwaEMauHgIjIH,elenh.kals@verizon.com
11,pwMCufzegOMHumjhYhhzALAsVudmmPApvDAYNYipHRblpXkEpohhsvCewUi CMsQOYMqmLTA tsjlPDy,CXqLKjxjSSmCBHUFBaCLxDk dypThCgHOc NaQQcBRkdpCKSZCeihxL oqjMudCPneoZHHfmJbJfUGLbnXuf,sofia.sfsf@mail.com
12,KYyziTxABWduqimvZKXRLvTeUhi DTugRlqfPuiwbMoPiaKRGxKatnmPFUfBlxyjdxcFtHggdbq HEwu,ZybRRAZkiEiZPVrKOmKSXsZGngghfHZXjXqqCXHGivDFtlPzQAMBMcIhZVemVtFagKrtfAIseDlcpTNCQhRe,maria.qrwge@hotmail.com
13,XRuGIToezaavOhKfOEmmzEZ RfyRynIBZmeUDsaKJzHSilRwRLlCSKwTsupeWWhLSYWdCrbXfcc yGSg,vXLGOJRitWmpqdajvXUPtVYIrgtFIcVpcbfI keWkbzHSwnLufIuMBmazCPjQLZRBxNOzRjKtzfSXQrwuiMe,ronaldo.moreira@hotmail.com
14,OBAnCGjPrLcKCxonRwAJPouakNYriwVmbIQUWvIMqHnsORViopiBFJRaIaCqishwqrjuhTQXopTIBBMS,TcdapFKxUwFZBhGWiYMcwyANWUDiMUpizwzZUoatHmryuGRqKVNVVliWbPDVCcl HXaFjhBvzUVJGDUQDNYs,andrea.pirlo@verizon.com
15,tqDtNUgRsrMxsTezarBYibBUZKORrIYGOlytpoiWKRCrHUgULVjLAolSpkUCGObkSGjHWmKmIgNQYLME,GTNONdzEkFrgBsrWgLHdTSXBQZPYwoRqEutoKMsGjyLudpIPNyksGvYpxMzpNaJwoBcIzCMUUAvWHeYbR Ly,afafada.fhfdjetj@verizon.com
16,fuGWaNGa fEEUgPwrTYBmZzaLxCUaUudXQYNIFJF IHrhFSdQSaFnLTFvhLdLmAgmbiEIBomJSBdSItF,EZjJVEszOCtIoPFcNARKmQYFAChSoXYOPLsOSSnuLOGRImisYxNRjAMoAeJSYZKrfftcXsKwNXzYJHxOUpvs,gfhd.bndtj@mail.com
17,fZEIuorLxSTcvgvOIbEGXOVPfpxUKqomoFzmisnzlWHrjLsdYnVsEmiQEpeFsWBGehophJhQpGWAGfgT,KHfP DNoJVWnDQmetFVhnSDMBpeuhvyjeTgY edTeWmtAMUuVTVPUNFtDTNLZUHOXoIkkOeOdBDRgLLqUlYO,claus.athanasiadis@verizon.com
18,xTxXVxiBXjhtOhGPVAMCXCwPFECzQhKaJKIYZeli mRzcpBH GgFSewvXiSRukmqZHjEZjqsQeCmmynR,ZjPROnVhRRvJOYVMEkKHpGmTKpNsHYspwuppZsWxuyyLHuCHr lkaRZTxwGaadZuaFOVjhoNONOsJbMQmGAI,memphis.depay@outlook.com
19,DwzJBEHgOOBrMUpPAbaUFyjQRpqpbKJavAOylcpU DqKizfwpolKXSLFNitNOSEEFbxLGrfZnFVCHYjS,nHOeVWsdlxXQZEmBghYKLYWNDhJWkqoUcRGSrkANqKcRqyTFpKlFirxOmBboMVuwJDoIyTLxhLVAxEXFOEha,eva.waters@gmail.com