giannhs.ada@outlook.com,james.vardy@gmail.com,PXMudYkvBEdlasBDAHcXnWBhpeHckkbrseZSBxsYheTeWGIHkIX DLStVgEzRIKRemuwTkBDQErICXLiV scNcngMhxVttHYUCA,13/05/2016
angus.young@verizon.com,gfhd.bndtj@mail.com,kNMoAGUj VKqzVWdRQiEB NknngLYxSo XbVJLrWttoLBrzAWPqHnz lAdBNaJLCDWqbuBUFZMLJLCiwpgpIHKBBXrUgKewjilI,17/10/2015
akarageorgiadis@isc.tuc.gr,claus.athanasiadis@verizon.com,fAXGUvlianrZzvFYvUCwtVpEDipwwQdbbuCwSZVOWccOhRWlEFBOfqPKLTDnGpnJKPzEsKFV pZRubXmLDsrPOxmftl WjHiqSE,10/12/2015
memphis.depay@outlook.com,ronaldo.moreira@hotmail.com,STStv hPqQzRlwRbDyxvwSNZ ZGzQhsbcXETuKxri GVhbADFHEkuXIAGtuVujzIZXqNsziuAFNwLstZZCuJdHiEOEMAQcx Byx,31/07/2015
ronaldo.moreira@hotmail.com,giannhs.ada@outlook.com,JlnMGaKjoJMpPAUwsqqgRql nmhdZINvNwkonqnjSZuvBQyAxgFKLSfT naVtiKfxSbURhJBCGNtxqyXpghtDDjwQQo QSqkOOz,13/10/2014
claus.athanasiadis@verizon.com,makis.karas@yahoo.com,kpekPXDHEEnWKpDgNBSctjgDAtJmlRdeirOiLxRV wfrdueKNmdjxnGAJakXOSWocIpTbVVQlxcxEpbGPzZ oviwlNZlNvHiZrP,29/08/2014
anna.ykl@outlook.com,afafada.fhfdjetj@verizon.com,UFLksRMy KJxV dHPtXAhbtiNxkDrqvXNZGBEPhibxjmcRDmknspCqiuNdXwhJHJPmjwtbDALpalsGGxtzUEyFVYsNpbtmBSpaX,04/05/2014
elenh.kals@verizon.com,memphis.depay@outlook.com,qiIuIjseNQyBGXaCiqDLJQLEgndIaoHwSkQOkFLWGcIHuLjESjTdmONaXEOWFkEZJCkWGMSdeiFiHEKUEZrrUfJDXqsgspQWYjz,22/07/2014
makis.karas@yahoo.com,sofia.sfsf@mail.com,scMyFQrzEJgSSvuRhuNFeugzQUnlqRkJYFTtsbladhEvsYZmyYjcKeUywNhmdFJoZWvMbBaGJocxplHtvBoRjH vmVxfu xXYRV,13/11/2012
james.vardy@gmail.com,angus.young@verizon.com,WdNKxydTXBXJKGorcSsESWAbFEwMJrEZYQlPisrTGodtOMnYFJVFhMD dmEsCQKgxzmvVZIkbYzfuHNuSXGAW tLNmnxnzRqexx,09/01/2015
afafada.fhfdjetj@verizon.com,eva.waters@gmail.com,QbsDhAleINZGWZKagJJKxFaikmLycHJAxLyTbUZ lWkypfQYcZlhVn KAKUvpoBBEYJLcszMkJZbVcuEWoVCWdgKLnTQAeKxUju,03/02/2013
sofia.sfsf@mail.com,andrea.pirlo@verizon.com,QWFxlaZxLNYqZRPZBTzfctz pZjMF dHnjdiQskcygVyoxv lFJeVDRYXFHMsNrMlQCqohIJjWixXBMsfkbAqznkSFLLlXllqJM,15/08/2013
mary.erfy@gmail.com,mary.erfy@gmail.com,XvELDxAvzWVAVtPiImqWmeTYiWyZLmxGOpqyaYYEqDoOxFqSVqc  nbtbgdhzbjMZOmhDRHlOmhirFbdhgDWKyHcOxXuvrFOVbp,19/05/2014
stelios.rod@aol.com,elenh.kals@verizon.com,jTJOEismNFtBVFAATYNCbHJSGvNrXgTNPQtJYR oSMuWWwBpvrnrHYOcJrHKVAOinfmEMrdBYZlONoxLtZxhtcGsCRAhJqTRyMk,14/12/2014
eva.waters@gmail.com,akarageorgiadis@isc.tuc.gr,rJxdDNmSio OWuxRwEipLZvCwrwsjGTRBDGCwwtTHJYDDCenNYXNQXZROvhNSukcVjNTouWAMOhBBr tMIfKjGAefppAOfBOawj,16/03/2016
danny.drinkwater@hotmail.com,anna.ykl@outlook.com,UpL TCXACrXQXwpAJOZtPjkozFVmhMScFIfDBJLIMFynIZRFaftAADUmFXAOimUqYvKPQlzADQgJlxgaoPLCUScCpuyfIybbmHP,14/06/2015
gfhd.bndtj@mail.com,stelios.rod@aol.com,NOCqqgtxkXKAJsaaSbSWGTIaXnUsFqFYdiSMmaWWbVsfetpniXJ TlIuFcSCLBrvRmYbZOotEwwlcdxfyhJjhGEsZZHKHTKaeyO,02/03/2013
andrea.pirlo@verizon.com,maria.qrwge@hotmail.com,tVNOUkQwYqYScgoEfsINLhgC HelmlVGfPDJkTqzQKhCAHfeTPgjVkCLqLONFgJnVRoMceULCKyAAdBtc RWFnlvNtUZEculBuh,06/06/2015
maria.qrwge@hotmail.com,danny.drinkwater@hotmail.com,kTSCpvUgLmCKMKVlFOohjgt jKwHaQN GxSaKydclGaIKiIPksoXNNzDbSTfzNFvZCDPswbImLxcGkpABhXjdrmuyO sfydYAfk,09/12/2012