giannhs.ada@outlook.com,1
angus.young@verizon.com,2
akarageorgiadis@isc.tuc.gr,3
memphis.depay@outlook.com,4
ronaldo.moreira@hotmail.com,5
claus.athanasiadis@verizon.com,6
anna.ykl@outlook.com,7
elenh.kals@verizon.com,8
makis.karas@yahoo.com,9
james.vardy@gmail.com,10
afafada.fhfdjetj@verizon.com,11
sofia.sfsf@mail.com,12
mary.erfy@gmail.com,13
stelios.rod@aol.com,14
eva.waters@gmail.com,15
danny.drinkwater@hotmail.com,16
gfhd.bndtj@mail.com,17
andrea.pirlo@verizon.com,18
maria.qrwge@hotmail.com,19